TeamName,Season,GP,WINS,LOSSES,WinPCT,FG3A_per_game,FG3M_per_game,FG3_PCT,FG3A_total,FG3M_total
Atlanta Hawks,2000,82,28,54,0.341,814,258,0.317,66748,21156
Atlanta Hawks,2001,82,25,57,0.305,933,333,0.357,76506,27306
Atlanta Hawks,2002,82,33,49,0.402,1194,423,0.354,97908,34686
Atlanta Hawks,2003,82,35,47,0.427,1141,402,0.352,93562,32964
Atlanta Hawks,2004,82,28,54,0.341,1249,419,0.335,102418,34358
Atlanta Hawks,2005,82,13,69,0.159,973,304,0.312,79786,24928
Atlanta Hawks,2006,82,26,56,0.317,1154,424,0.367,94628,34768
Atlanta Hawks,2007,82,30,52,0.366,1038,341,0.329,85116,27962
Atlanta Hawks,2008,82,37,45,0.451,1078,384,0.356,88396,31488
Atlanta Hawks,2009,82,47,35,0.573,1633,597,0.366,133906,48954
Atlanta Hawks,2010,82,53,29,0.646,1455,524,0.36,119310,42968
Atlanta Hawks,2011,82,44,38,0.537,1427,502,0.352,117014,41164
Atlanta Hawks,2012,66,40,26,0.606,1330,492,0.37,87780,32472
Atlanta Hawks,2013,82,44,38,0.537,1901,706,0.371,155882,57892
Atlanta Hawks,2014,82,38,44,0.463,2116,768,0.363,173512,62976
Atlanta Hawks,2015,82,60,22,0.732,2152,818,0.38,176464,67076
Atlanta Hawks,2016,82,48,34,0.585,2326,815,0.35,190732,66830
Atlanta Hawks,2017,82,43,39,0.524,2137,729,0.341,175234,59778
Atlanta Hawks,2018,82,24,58,0.293,2544,917,0.36,208608,75194
Atlanta Hawks,2019,82,29,53,0.354,3034,1067,0.352,248788,87494
Atlanta Hawks,2020,67,20,47,0.299,2416,805,0.333,161872,53935
Atlanta Hawks,2021,72,41,31,0.569,2402,895,0.373,172944,64440
Atlanta Hawks,2022,82,43,39,0.524,2821,1056,0.374,231322,86592
Atlanta Hawks,2023,82,41,41,0.5,2505,882,0.352,205410,72324
Atlanta Hawks,2024,82,36,46,0.439,3092,1125,0.364,253544,92250
Boston Celtics,2000,82,35,47,0.427,1260,417,0.331,103320,34194
Boston Celtics,2001,82,36,46,0.439,1633,592,0.363,133906,48544
Boston Celtics,2002,82,49,33,0.598,1946,699,0.359,159572,57318
Boston Celtics,2003,82,44,38,0.537,2155,719,0.334,176710,58958
Boston Celtics,2004,82,36,46,0.439,1599,553,0.346,131118,45346
Boston Celtics,2005,82,45,37,0.549,1252,437,0.349,102664,35834
Boston Celtics,2006,82,33,49,0.402,1290,467,0.362,105780,38294
Boston Celtics,2007,82,24,58,0.293,1283,471,0.367,105206,38622
Boston Celtics,2008,82,66,16,0.805,1564,596,0.381,128248,48872
Boston Celtics,2009,82,62,20,0.756,1355,538,0.397,111110,44116
Boston Celtics,2010,82,50,32,0.61,1433,499,0.348,117506,40918
Boston Celtics,2011,82,56,26,0.683,1119,408,0.365,91758,33456
Boston Celtics,2012,66,39,27,0.591,988,363,0.367,65208,23958
Boston Celtics,2013,81,41,40,0.506,1390,498,0.358,112590,40338
Boston Celtics,2014,82,25,57,0.305,1729,575,0.333,141778,47150
Boston Celtics,2015,82,40,42,0.488,2021,660,0.327,165722,54120
Boston Celtics,2016,82,48,34,0.585,2142,717,0.335,175644,58794
Boston Celtics,2017,82,53,29,0.646,2741,985,0.359,224762,80770
Boston Celtics,2018,82,55,27,0.671,2492,939,0.377,204344,76998
Boston Celtics,2019,82,49,33,0.598,2829,1032,0.365,231978,84624
Boston Celtics,2020,72,48,24,0.667,2487,905,0.364,179064,65160
Boston Celtics,2021,72,36,36,0.5,2618,979,0.374,188496,70488
Boston Celtics,2022,82,51,31,0.622,3044,1085,0.356,249608,88970
Boston Celtics,2023,82,57,25,0.695,3492,1315,0.377,286344,107830
Boston Celtics,2024,82,64,18,0.78,3482,1351,0.388,285524,110782
Cleveland Cavaliers,2000,82,32,50,0.39,919,343,0.373,75358,28126
Cleveland Cavaliers,2001,82,30,52,0.366,659,220,0.334,54038,18040
Cleveland Cavaliers,2002,82,29,53,0.354,1026,387,0.377,84132,31734
Cleveland Cavaliers,2003,82,17,65,0.207,896,293,0.327,73472,24026
Cleveland Cavaliers,2004,82,35,47,0.427,786,247,0.314,64452,20254
Cleveland Cavaliers,2005,82,42,40,0.512,904,300,0.332,74128,24600
Cleveland Cavaliers,2006,82,50,32,0.61,1465,497,0.339,120130,40754
Cleveland Cavaliers,2007,82,50,32,0.61,1404,494,0.352,115128,40508
Cleveland Cavaliers,2008,82,45,37,0.549,1544,552,0.358,126608,45264
Cleveland Cavaliers,2009,82,66,16,0.805,1670,656,0.393,136940,53792
Cleveland Cavaliers,2010,82,61,21,0.744,1582,602,0.381,129724,49364
Cleveland Cavaliers,2011,82,19,63,0.232,1489,509,0.342,122098,41738
Cleveland Cavaliers,2012,66,21,45,0.318,1273,440,0.346,84018,29040
Cleveland Cavaliers,2013,82,24,58,0.293,1581,547,0.346,129642,44854
Cleveland Cavaliers,2014,82,33,49,0.402,1640,584,0.356,134480,47888
Cleveland Cavaliers,2015,82,53,29,0.646,2253,826,0.367,184746,67732
Cleveland Cavaliers,2016,82,57,25,0.695,2428,880,0.362,199096,72160
Cleveland Cavaliers,2017,82,51,31,0.622,2779,1067,0.384,227878,87494
Cleveland Cavaliers,2018,82,50,32,0.61,2636,981,0.372,216152,80442
Cleveland Cavaliers,2019,82,19,63,0.232,2388,847,0.355,195816,69454
Cleveland Cavaliers,2020,65,19,46,0.292,2070,727,0.351,134550,47255
Cleveland Cavaliers,2021,72,22,50,0.306,2141,720,0.336,154152,51840
Cleveland Cavaliers,2022,82,44,38,0.537,2686,953,0.355,220252,78146
Cleveland Cavaliers,2023,82,51,31,0.622,2589,950,0.367,212298,77900
Cleveland Cavaliers,2024,82,48,34,0.585,3016,1108,0.367,247312,90856
New Orleans Pelicans,2003,82,47,35,0.573,1075,404,0.376,88150,33128
New Orleans Pelicans,2004,82,41,41,0.5,1666,531,0.319,136612,43542
New Orleans Pelicans,2005,82,18,64,0.22,1316,415,0.315,107912,34030
New Orleans Pelicans,2006,82,38,44,0.463,885,300,0.339,72570,24600
New Orleans Pelicans,2007,82,39,43,0.476,1256,455,0.362,102992,37310
New Orleans Pelicans,2008,82,56,26,0.683,1621,630,0.389,132922,51660
New Orleans Pelicans,2009,82,49,33,0.598,1526,556,0.364,125132,45592
New Orleans Pelicans,2010,82,37,45,0.451,1572,571,0.363,128904,46822
New Orleans Pelicans,2011,82,46,36,0.561,1232,444,0.36,101024,36408
New Orleans Pelicans,2012,66,21,45,0.318,777,259,0.333,51282,17094
New Orleans Pelicans,2013,82,27,55,0.329,1474,535,0.363,120868,43870
New Orleans Pelicans,2014,82,34,48,0.415,1303,486,0.373,106846,39852
New Orleans Pelicans,2015,82,45,37,0.549,1583,586,0.37,129806,48052
New Orleans Pelicans,2016,82,30,52,0.366,1951,702,0.36,159982,57564
New Orleans Pelicans,2017,82,34,48,0.415,2196,768,0.35,180072,62976
New Orleans Pelicans,2018,82,48,34,0.585,2312,837,0.362,189584,68634
New Orleans Pelicans,2019,82,33,49,0.402,2449,842,0.344,200818,69044
New Orleans Pelicans,2020,72,30,42,0.417,2656,982,0.37,191232,70704
New Orleans Pelicans,2021,72,31,41,0.431,2190,762,0.348,157680,54864
New Orleans Pelicans,2022,82,36,46,0.439,2629,873,0.332,215578,71586
New Orleans Pelicans,2023,82,42,40,0.512,2468,899,0.364,202376,73718
New Orleans Pelicans,2024,82,49,33,0.598,2673,1023,0.383,219186,83886
Chicago Bulls,2000,82,17,65,0.207,1032,340,0.329,84624,27880
Chicago Bulls,2001,82,15,67,0.183,950,329,0.346,77900,26978
Chicago Bulls,2002,82,21,61,0.256,868,300,0.346,71176,24600
Chicago Bulls,2003,82,30,52,0.366,997,349,0.35,81754,28618
Chicago Bulls,2004,82,23,59,0.28,1256,429,0.342,102992,35178
Chicago Bulls,2005,82,47,35,0.573,1433,511,0.357,117506,41902
Chicago Bulls,2006,82,41,41,0.5,1477,560,0.379,121114,45920
Chicago Bulls,2007,82,49,33,0.598,1237,480,0.388,101434,39360
Chicago Bulls,2008,82,33,49,0.402,1305,474,0.363,107010,38868
Chicago Bulls,2009,82,41,41,0.5,1293,493,0.381,106026,40426
Chicago Bulls,2010,82,41,41,0.5,1066,352,0.33,87412,28864
Chicago Bulls,2011,82,62,20,0.756,1415,511,0.361,116030,41902
Chicago Bulls,2012,66,50,16,0.758,1117,419,0.375,73722,27654
Chicago Bulls,2013,82,45,37,0.549,1265,446,0.353,103730,36572
Chicago Bulls,2014,82,48,34,0.585,1459,508,0.348,119638,41656
Chicago Bulls,2015,82,50,32,0.61,1825,645,0.353,149650,52890
Chicago Bulls,2016,82,42,40,0.512,1753,651,0.371,143746,53382
Chicago Bulls,2017,82,41,41,0.5,1831,623,0.34,150142,51086
Chicago Bulls,2018,82,27,55,0.329,2549,906,0.355,209018,74292
Chicago Bulls,2019,82,22,60,0.268,2123,745,0.351,174086,61090
Chicago Bulls,2020,65,22,43,0.338,2282,793,0.348,148330,51545
Chicago Bulls,2021,72,31,41,0.431,2446,904,0.37,176112,65088
Chicago Bulls,2022,82,46,36,0.561,2364,872,0.369,193848,71504
Chicago Bulls,2023,82,40,42,0.488,2367,854,0.361,194094,70028
Chicago Bulls,2024,82,39,43,0.476,2630,941,0.358,215660,77162
Dallas Mavericks,2000,82,40,42,0.488,1326,519,0.391,108732,42558
Dallas Mavericks,2001,82,53,29,0.646,1357,517,0.381,111274,42394
Dallas Mavericks,2002,82,57,25,0.695,1645,621,0.378,134890,50922
Dallas Mavericks,2003,82,60,22,0.732,1668,636,0.381,136776,52152
Dallas Mavericks,2004,82,52,30,0.634,1456,507,0.348,119392,41574
Dallas Mavericks,2005,82,58,24,0.707,1273,463,0.364,104386,37966
Dallas Mavericks,2006,82,60,22,0.732,1113,416,0.374,91266,34112
Dallas Mavericks,2007,82,67,15,0.817,1404,535,0.381,115128,43870
Dallas Mavericks,2008,82,51,31,0.622,1403,494,0.352,115046,40508
Dallas Mavericks,2009,82,50,32,0.61,1632,571,0.35,133824,46822
Dallas Mavericks,2010,82,55,27,0.671,1498,558,0.372,122836,45756
Dallas Mavericks,2011,82,57,25,0.695,1768,645,0.365,144976,52890
Dallas Mavericks,2012,66,36,30,0.545,1464,497,0.339,96624,32802
Dallas Mavericks,2013,82,41,41,0.5,1628,606,0.372,133496,49692
Dallas Mavericks,2014,82,49,33,0.598,1877,721,0.384,153914,59122
Dallas Mavericks,2015,82,50,32,0.61,2082,732,0.352,170724,60024
Dallas Mavericks,2016,82,42,40,0.512,2342,806,0.344,192044,66092
Dallas Mavericks,2017,82,33,49,0.402,2473,878,0.355,202786,71996
Dallas Mavericks,2018,82,24,58,0.293,2688,967,0.36,220416,79294
Dallas Mavericks,2019,82,33,49,0.402,3002,1022,0.34,246164,83804
Dallas Mavericks,2020,75,43,32,0.573,3095,1136,0.367,232125,85200
Dallas Mavericks,2021,72,42,30,0.583,2744,994,0.362,197568,71568
Dallas Mavericks,2022,82,52,30,0.634,3063,1073,0.35,251166,87986
Dallas Mavericks,2023,82,38,44,0.463,3362,1246,0.371,275684,102172
Dallas Mavericks,2024,82,50,32,0.61,3242,1197,0.369,265844,98154
Denver Nuggets,2000,82,35,47,0.427,1397,470,0.336,114554,38540
Denver Nuggets,2001,82,40,42,0.488,1444,512,0.355,118408,41984
Denver Nuggets,2002,82,27,55,0.329,1285,423,0.329,105370,34686
Denver Nuggets,2003,82,17,65,0.207,824,229,0.278,67568,18778
Denver Nuggets,2004,82,43,39,0.524,985,331,0.336,80770,27142
Denver Nuggets,2005,82,49,33,0.598,940,320,0.34,77080,26240
Denver Nuggets,2006,82,44,38,0.537,1076,350,0.325,88232,28700
Denver Nuggets,2007,82,45,37,0.549,1440,484,0.336,118080,39688
Denver Nuggets,2008,82,50,32,0.61,1605,569,0.355,131610,46658
Denver Nuggets,2009,82,54,28,0.659,1477,548,0.371,121114,44936
Denver Nuggets,2010,82,53,29,0.646,1517,544,0.359,124394,44608
Denver Nuggets,2011,82,50,32,0.61,1704,662,0.388,139728,54284
Denver Nuggets,2012,66,38,28,0.576,1311,435,0.332,86526,28710
Denver Nuggets,2013,82,57,25,0.695,1518,521,0.343,124476,42722
Denver Nuggets,2014,82,36,46,0.439,1959,702,0.358,160638,57564
Denver Nuggets,2015,82,30,52,0.366,2032,660,0.325,166624,54120
Denver Nuggets,2016,82,33,49,0.402,1943,656,0.338,159326,53792
Denver Nuggets,2017,82,40,42,0.488,2365,870,0.368,193930,71340
Denver Nuggets,2018,82,46,36,0.561,2536,940,0.371,207952,77080
Denver Nuggets,2019,82,54,28,0.659,2571,903,0.351,210822,74046
Denver Nuggets,2020,73,46,27,0.63,2234,801,0.359,163082,58473
Denver Nuggets,2021,72,47,25,0.653,2462,927,0.377,177264,66744
Denver Nuggets,2022,82,48,34,0.585,2944,1039,0.353,241408,85198
Denver Nuggets,2023,82,53,29,0.646,2559,969,0.379,209838,79458
Denver Nuggets,2024,82,57,25,0.695,2560,958,0.374,209920,78556
Golden State Warriors,2000,82,19,63,0.232,1069,345,0.323,87658,28290
Golden State Warriors,2001,82,17,65,0.207,964,282,0.293,79048,23124
Golden State Warriors,2002,82,21,61,0.256,994,320,0.322,81508,26240
Golden State Warriors,2003,82,38,44,0.463,1235,425,0.344,101270,34850
Golden State Warriors,2004,82,37,45,0.451,1283,429,0.334,105206,35178
Golden State Warriors,2005,82,34,48,0.415,1774,624,0.352,145468,51168
Golden State Warriors,2006,82,34,48,0.415,1832,625,0.341,150224,51250
Golden State Warriors,2007,82,42,40,0.512,1967,700,0.356,161294,57400
Golden State Warriors,2008,82,48,34,0.585,2185,761,0.348,179170,62402
Golden State Warriors,2009,82,29,53,0.354,1475,550,0.373,120950,45100
Golden State Warriors,2010,82,26,56,0.317,1687,633,0.375,138334,51906
Golden State Warriors,2011,82,36,46,0.439,1749,685,0.392,143418,56170
Golden State Warriors,2012,66,23,43,0.348,1351,524,0.388,89166,34584
Golden State Warriors,2013,82,47,35,0.573,1632,658,0.403,133824,53956
Golden State Warriors,2014,82,51,31,0.622,2037,774,0.38,167034,63468
Golden State Warriors,2015,82,67,15,0.817,2217,883,0.398,181794,72406
Golden State Warriors,2016,82,73,9,0.89,2592,1077,0.416,212544,88314
Golden State Warriors,2017,82,67,15,0.817,2562,982,0.383,210084,80524
Golden State Warriors,2018,82,58,24,0.707,2369,926,0.391,194258,75932
Golden State Warriors,2019,82,57,25,0.695,2824,1087,0.385,231568,89134
Golden State Warriors,2020,65,15,50,0.231,2032,678,0.334,132080,44070
Golden State Warriors,2021,72,39,33,0.542,2789,1048,0.376,200808,75456
Golden State Warriors,2022,82,53,29,0.646,3231,1176,0.364,264942,96432
Golden State Warriors,2023,82,44,38,0.537,3540,1363,0.385,290280,111766
Golden State Warriors,2024,82,46,36,0.561,3191,1211,0.38,261662,99302
Houston Rockets,2000,82,34,48,0.415,1625,581,0.358,133250,47642
Houston Rockets,2001,82,45,37,0.549,1412,504,0.357,115784,41328
Houston Rockets,2002,82,28,54,0.341,1480,496,0.335,121360,40672
Houston Rockets,2003,82,43,39,0.524,1267,439,0.346,103894,35998
Houston Rockets,2004,82,45,37,0.549,1406,515,0.366,115292,42230
Houston Rockets,2005,82,51,31,0.622,1521,553,0.364,124722,45346
Houston Rockets,2006,82,34,48,0.415,1414,469,0.332,115948,38458
Houston Rockets,2007,82,52,30,0.634,1893,705,0.372,155226,57810
Houston Rockets,2008,82,55,27,0.671,1707,583,0.342,139974,47806
Houston Rockets,2009,82,53,29,0.646,1656,621,0.375,135792,50922
Houston Rockets,2010,82,42,40,0.512,1838,646,0.351,150716,52972
Houston Rockets,2011,82,43,39,0.524,1843,677,0.367,151126,55514
Houston Rockets,2012,66,34,32,0.515,1330,478,0.359,87780,31548
Houston Rockets,2013,82,45,37,0.549,2369,867,0.366,194258,71094
Houston Rockets,2014,82,54,28,0.659,2179,779,0.358,178678,63878
Houston Rockets,2015,82,56,26,0.683,2680,933,0.348,219760,76506
Houston Rockets,2016,82,41,41,0.5,2533,878,0.347,207706,71996
Houston Rockets,2017,82,55,27,0.671,3306,1181,0.357,271092,96842
Houston Rockets,2018,82,65,17,0.793,3470,1256,0.362,284540,102992
Houston Rockets,2019,82,53,29,0.646,3721,1323,0.356,305122,108486
Houston Rockets,2020,72,44,28,0.611,3261,1126,0.345,234792,81072
Houston Rockets,2021,72,17,55,0.236,2923,992,0.339,210456,71424
Houston Rockets,2022,82,20,62,0.244,3170,1105,0.349,259940,90610
Houston Rockets,2023,82,22,60,0.268,2619,856,0.327,214758,70192
Houston Rockets,2024,82,41,41,0.5,2964,1043,0.352,243048,85526
Los Angeles Clippers,2000,82,15,67,0.183,1267,429,0.339,103894,35178
Los Angeles Clippers,2001,82,31,51,0.378,1063,360,0.339,87166,29520
Los Angeles Clippers,2002,82,39,43,0.476,1147,408,0.356,94054,33456
Los Angeles Clippers,2003,82,27,55,0.329,1178,390,0.331,96596,31980
Los Angeles Clippers,2004,82,28,54,0.341,1024,329,0.321,83968,26978
Los Angeles Clippers,2005,82,37,45,0.451,669,231,0.345,54858,18942
Los Angeles Clippers,2006,82,47,35,0.573,843,290,0.344,69126,23780
Los Angeles Clippers,2007,82,40,42,0.488,903,314,0.348,74046,25748
Los Angeles Clippers,2008,82,23,59,0.28,1079,350,0.324,88478,28700
Los Angeles Clippers,2009,82,19,63,0.232,1513,535,0.354,124066,43870
Los Angeles Clippers,2010,82,29,53,0.354,1457,483,0.332,119474,39606
Los Angeles Clippers,2011,82,32,50,0.39,1519,513,0.338,124558,42066
Los Angeles Clippers,2012,66,40,26,0.606,1441,514,0.357,95106,33924
Los Angeles Clippers,2013,82,56,26,0.683,1752,627,0.358,143664,51414
Los Angeles Clippers,2014,82,57,25,0.695,1966,693,0.352,161212,56826
Los Angeles Clippers,2015,82,56,26,0.683,2202,827,0.376,180564,67814
Los Angeles Clippers,2016,82,53,29,0.646,2190,797,0.364,179580,65354
Los Angeles Clippers,2017,82,51,31,0.622,2245,841,0.375,184090,68962
Los Angeles Clippers,2018,82,42,40,0.512,2196,777,0.354,180072,63714
Los Angeles Clippers,2019,82,48,34,0.585,2118,821,0.388,173676,67322
Los Angeles Clippers,2020,72,49,23,0.681,2410,895,0.371,173520,64440
Los Angeles Clippers,2021,72,47,25,0.653,2498,1027,0.411,179856,73944
Los Angeles Clippers,2022,82,42,40,0.512,2802,1047,0.374,229764,85854
Los Angeles Clippers,2023,82,44,38,0.537,2735,1041,0.381,224270,85362
Los Angeles Clippers,2024,82,51,31,0.622,2719,1036,0.381,222958,84952
Los Angeles Lakers,2000,82,67,15,0.817,1047,344,0.329,85854,28208
Los Angeles Lakers,2001,82,56,26,0.683,1275,439,0.344,104550,35998
Los Angeles Lakers,2002,82,58,24,0.707,1439,510,0.354,117998,41820
Los Angeles Lakers,2003,82,50,32,0.61,1367,486,0.356,112094,39852
Los Angeles Lakers,2004,82,56,26,0.683,1115,365,0.327,91430,29930
Los Angeles Lakers,2005,82,34,48,0.415,1813,644,0.355,148666,52808
Los Angeles Lakers,2006,82,45,37,0.549,1583,552,0.349,129806,45264
Los Angeles Lakers,2007,82,42,40,0.512,1724,608,0.353,141368,49856
Los Angeles Lakers,2008,82,57,25,0.695,1751,662,0.378,143582,54284
Los Angeles Lakers,2009,82,65,17,0.793,1516,547,0.361,124312,44854
Los Angeles Lakers,2010,82,57,25,0.695,1562,532,0.341,128084,43624
Los Angeles Lakers,2011,82,57,25,0.695,1487,524,0.352,121934,42968
Los Angeles Lakers,2012,66,41,25,0.621,1112,362,0.326,73392,23892
Los Angeles Lakers,2013,82,45,37,0.549,2015,715,0.355,165230,58630
Los Angeles Lakers,2014,82,27,55,0.329,2032,774,0.381,166624,63468
Los Angeles Lakers,2015,82,21,61,0.256,1546,532,0.344,126772,43624
Los Angeles Lakers,2016,82,17,65,0.207,2016,639,0.317,165312,52398
Los Angeles Lakers,2017,82,26,56,0.317,2110,730,0.346,173020,59860
Los Angeles Lakers,2018,82,35,47,0.427,2384,822,0.345,195488,67404
Los Angeles Lakers,2019,82,37,45,0.451,2541,847,0.333,208362,69454
Los Angeles Lakers,2020,71,52,19,0.732,2242,782,0.349,159182,55522
Los Angeles Lakers,2021,72,42,30,0.583,2248,796,0.354,161856,57312
Los Angeles Lakers,2022,82,33,49,0.402,2826,982,0.347,231732,80524
Los Angeles Lakers,2023,82,43,39,0.524,2558,885,0.346,209756,72570
Los Angeles Lakers,2024,82,47,35,0.573,2572,969,0.377,210904,79458
Miami Heat,2000,82,52,30,0.634,1202,446,0.371,98564,36572
Miami Heat,2001,82,50,32,0.61,1384,478,0.345,113488,39196
Miami Heat,2002,82,36,46,0.439,899,312,0.347,73718,25584
Miami Heat,2003,82,25,57,0.305,1100,348,0.316,90200,28536
Miami Heat,2004,82,42,40,0.512,1357,485,0.357,111274,39770
Miami Heat,2005,82,59,23,0.72,1260,475,0.377,103320,38950
Miami Heat,2006,82,52,30,0.634,1441,497,0.345,118162,40754
Miami Heat,2007,82,44,38,0.537,1539,528,0.343,126198,43296
Miami Heat,2008,82,15,67,0.183,1373,491,0.358,112586,40262
Miami Heat,2009,82,43,39,0.524,1631,582,0.357,133742,47724
Miami Heat,2010,82,47,35,0.573,1426,494,0.346,116932,40508
Miami Heat,2011,82,58,24,0.707,1479,547,0.37,121278,44854
Miami Heat,2012,66,46,20,0.697,1030,370,0.359,67980,24420
Miami Heat,2013,82,66,16,0.805,1809,717,0.396,148338,58794
Miami Heat,2014,82,54,28,0.659,1829,665,0.364,149978,54530
Miami Heat,2015,82,37,45,0.451,1659,556,0.335,136038,45592
Miami Heat,2016,82,48,34,0.585,1480,498,0.336,121360,40836
Miami Heat,2017,82,41,41,0.5,2213,808,0.365,181466,66256
Miami Heat,2018,82,44,38,0.537,2506,903,0.36,205492,74046
Miami Heat,2019,82,39,43,0.476,2658,928,0.349,217956,76096
Miami Heat,2020,73,44,29,0.603,2584,979,0.379,188632,71467
Miami Heat,2021,72,40,32,0.556,2606,932,0.358,187632,67104
Miami Heat,2022,82,53,29,0.646,2936,1114,0.379,240752,91348
Miami Heat,2023,82,44,38,0.537,2852,980,0.344,233864,80360
Miami Heat,2024,82,46,36,0.561,2765,1022,0.37,226730,83804
Milwaukee Bucks,2000,82,42,40,0.512,1069,394,0.369,87658,32308
Milwaukee Bucks,2001,82,52,30,0.634,1481,562,0.379,121442,46084
Milwaukee Bucks,2002,82,41,41,0.5,1583,593,0.375,129806,48626
Milwaukee Bucks,2003,82,42,40,0.512,1526,585,0.383,125132,47970
Milwaukee Bucks,2004,82,41,41,0.5,1145,401,0.35,93890,32882
Milwaukee Bucks,2005,82,30,52,0.366,925,325,0.351,75850,26650
Milwaukee Bucks,2006,82,40,42,0.481,1335,507,0.38,109470,41574
Milwaukee Bucks,2007,82,28,54,0.341,1472,524,0.356,120704,42968
Milwaukee Bucks,2008,82,26,56,0.317,1313,452,0.344,107666,37064
Milwaukee Bucks,2009,82,34,48,0.415,1408,511,0.363,115456,41902
Milwaukee Bucks,2010,82,46,36,0.561,1813,645,0.356,148666,52890
Milwaukee Bucks,2011,82,35,47,0.427,1414,483,0.342,115948,39606
Milwaukee Bucks,2012,66,31,35,0.47,1265,436,0.345,83490,28776
Milwaukee Bucks,2013,82,38,44,0.463,1670,601,0.36,136940,49282
Milwaukee Bucks,2014,82,15,67,0.183,1553,548,0.353,127346,44936
Milwaukee Bucks,2015,82,41,41,0.5,1500,545,0.363,123000,44690
Milwaukee Bucks,2016,82,33,49,0.402,1277,440,0.345,104714,36080
Milwaukee Bucks,2017,82,42,40,0.512,1946,720,0.37,159572,59040
Milwaukee Bucks,2018,82,44,38,0.537,2024,718,0.355,165968,58876
Milwaukee Bucks,2019,82,60,22,0.732,3134,1105,0.353,256988,90610
Milwaukee Bucks,2020,73,56,17,0.767,2840,1007,0.355,207320,73511
Milwaukee Bucks,2021,72,46,26,0.639,2669,1038,0.389,192168,74736
Milwaukee Bucks,2022,82,51,31,0.622,3151,1153,0.366,258382,94546
Milwaukee Bucks,2023,82,58,24,0.707,3306,1217,0.368,271092,99794
Milwaukee Bucks,2024,82,49,33,0.598,3122,1163,0.373,256004,95366
Minnesota Timberwolves,2000,82,50,32,0.61,716,248,0.346,58712,20336
Minnesota Timberwolves,2001,82,47,35,0.573,901,322,0.357,73882,26404
Minnesota Timberwolves,2002,82,50,32,0.61,1047,396,0.378,85854,32472
Minnesota Timberwolves,2003,82,51,31,0.622,804,296,0.368,65928,24272
Minnesota Timberwolves,2004,82,58,24,0.707,897,326,0.363,73554,26732
Minnesota Timberwolves,2005,82,44,38,0.537,1145,395,0.345,93890,32390
Minnesota Timberwolves,2006,82,33,49,0.402,942,310,0.329,77244,25420
Minnesota Timberwolves,2007,82,32,50,0.39,1089,384,0.353,89298,31488
Minnesota Timberwolves,2008,82,22,60,0.268,1259,441,0.35,103238,36162
Minnesota Timberwolves,2009,82,24,58,0.293,1539,543,0.353,126198,44526
Minnesota Timberwolves,2010,82,15,67,0.183,1181,403,0.341,96842,33046
Minnesota Timberwolves,2011,82,17,65,0.207,1565,589,0.376,128330,48298
Minnesota Timberwolves,2012,66,26,40,0.394,1423,473,0.332,93918,31218
Minnesota Timberwolves,2013,82,31,51,0.378,1475,450,0.305,120950,36900
Minnesota Timberwolves,2014,82,40,42,0.488,1757,600,0.341,144074,49200
Minnesota Timberwolves,2015,82,16,66,0.195,1223,406,0.332,100286,33292
Minnesota Timberwolves,2016,82,29,53,0.354,1347,455,0.338,110454,37310
Minnesota Timberwolves,2017,82,31,51,0.378,1723,601,0.349,141286,49282
Minnesota Timberwolves,2018,82,47,35,0.573,1845,658,0.357,151290,53956
Minnesota Timberwolves,2019,82,36,46,0.439,2357,827,0.351,193274,67814
Minnesota Timberwolves,2020,64,19,45,0.297,2540,853,0.336,162560,54592
Minnesota Timberwolves,2021,72,23,49,0.319,2706,944,0.349,194832,67968
Minnesota Timberwolves,2022,82,46,36,0.561,3386,1211,0.358,277652,99302
Minnesota Timberwolves,2023,82,42,40,0.512,2731,997,0.365,223942,81754
Minnesota Timberwolves,2024,82,56,26,0.683,2681,1037,0.387,219842,85034
Brooklyn Nets,2000,82,31,51,0.378,1374,477,0.347,112668,39114
Brooklyn Nets,2001,82,26,56,0.317,1084,361,0.333,88888,29602
Brooklyn Nets,2002,82,52,30,0.634,1194,403,0.338,97908,33046
Brooklyn Nets,2003,82,49,33,0.598,1041,346,0.332,85362,28372
Brooklyn Nets,2004,82,47,35,0.573,1123,377,0.336,92086,30914
Brooklyn Nets,2005,82,42,40,0.512,1203,435,0.362,98646,35670
Brooklyn Nets,2006,82,49,33,0.598,1447,477,0.33,118654,39114
Brooklyn Nets,2007,82,41,41,0.5,1676,609,0.363,137432,49938
Brooklyn Nets,2008,82,34,48,0.415,1430,498,0.348,117260,40836
Brooklyn Nets,2009,82,34,48,0.415,1735,652,0.376,142270,53464
Brooklyn Nets,2010,82,12,70,0.146,1185,377,0.318,97170,30914
Brooklyn Nets,2011,82,24,58,0.293,1337,459,0.343,109634,37638
Brooklyn Nets,2012,66,22,44,0.333,1481,507,0.342,97746,33462
Brooklyn Nets,2013,82,49,33,0.598,1760,628,0.357,144320,51496
Brooklyn Nets,2014,82,44,38,0.537,1922,709,0.369,157604,58138
Brooklyn Nets,2015,82,38,44,0.463,1633,541,0.331,133906,44362
Brooklyn Nets,2016,82,21,61,0.256,1508,531,0.352,123656,43542
Brooklyn Nets,2017,82,20,62,0.244,2591,877,0.338,212462,71914
Brooklyn Nets,2018,82,28,54,0.341,2924,1041,0.356,239768,85362
Brooklyn Nets,2019,82,42,40,0.512,2965,1047,0.353,243130,85854
Brooklyn Nets,2020,72,35,37,0.486,2746,941,0.343,197712,67752
Brooklyn Nets,2021,72,48,24,0.667,2600,1020,0.392,187200,73440
Brooklyn Nets,2022,82,44,38,0.537,2602,940,0.361,213364,77080
Brooklyn Nets,2023,82,45,37,0.549,2771,1048,0.378,227222,85936
Brooklyn Nets,2024,82,32,50,0.39,3010,1089,0.362,246820,89298
New York Knicks,2000,82,50,32,0.61,937,351,0.375,76834,28782
New York Knicks,2001,82,48,34,0.585,1115,391,0.351,91430,32062
New York Knicks,2002,82,30,52,0.366,1344,474,0.353,110208,38868
New York Knicks,2003,82,37,45,0.451,1582,606,0.383,129724,49692
New York Knicks,2004,82,39,43,0.476,1115,406,0.364,91430,33292
New York Knicks,2005,82,33,49,0.402,1240,441,0.356,101680,36162
New York Knicks,2006,82,23,59,0.28,884,320,0.362,72488,26240
New York Knicks,2007,82,33,49,0.402,1370,474,0.346,112340,38868
New York Knicks,2008,82,23,59,0.28,1454,490,0.337,119228,40180
New York Knicks,2009,82,32,50,0.39,2284,823,0.36,187288,67486
New York Knicks,2010,82,29,53,0.354,2145,743,0.346,175890,60926
New York Knicks,2011,82,42,40,0.512,2081,765,0.368,170642,62730
New York Knicks,2012,66,36,30,0.545,1538,517,0.336,101508,34122
New York Knicks,2013,82,54,28,0.659,2371,891,0.376,194422,73062
New York Knicks,2014,82,37,45,0.451,2038,759,0.372,167116,62238
New York Knicks,2015,82,17,65,0.207,1614,560,0.347,132348,45920
New York Knicks,2016,82,32,50,0.39,1762,610,0.346,144484,50020
New York Knicks,2017,82,31,51,0.378,2022,704,0.348,165804,57728
New York Knicks,2018,82,29,53,0.354,1914,673,0.352,156948,55186
New York Knicks,2019,82,17,65,0.207,2421,823,0.34,198522,67486
New York Knicks,2020,66,21,45,0.318,1872,631,0.337,123552,41646
New York Knicks,2021,72,41,31,0.569,2163,847,0.392,155736,60984
New York Knicks,2022,82,37,45,0.451,3029,1082,0.357,248378,88724
New York Knicks,2023,82,47,35,0.573,2930,1037,0.354,240260,85034
New York Knicks,2024,82,50,32,0.61,2936,1083,0.369,240752,88806
Orlando Magic,2000,82,41,41,0.5,870,294,0.338,71340,24108
Orlando Magic,2001,82,43,39,0.524,1346,490,0.364,110372,40180
Orlando Magic,2002,82,44,38,0.537,1660,620,0.373,136120,50840
Orlando Magic,2003,82,42,40,0.512,1590,568,0.357,130380,46576
Orlando Magic,2004,82,21,61,0.256,1248,429,0.344,102336,35178
Orlando Magic,2005,82,36,46,0.439,916,320,0.349,75112,26240
Orlando Magic,2006,82,36,46,0.439,796,299,0.376,65272,24518
Orlando Magic,2007,82,40,42,0.488,962,342,0.356,78884,28044
Orlando Magic,2008,82,52,30,0.634,2074,801,0.386,170068,65682
Orlando Magic,2009,82,59,23,0.72,2147,817,0.381,176054,66994
Orlando Magic,2010,82,59,23,0.72,2241,841,0.375,183762,68962
Orlando Magic,2011,82,52,30,0.634,2103,770,0.366,172446,63140
Orlando Magic,2012,66,37,29,0.561,1785,670,0.375,117810,44220
Orlando Magic,2013,82,20,62,0.244,1537,506,0.329,126034,41492
Orlando Magic,2014,82,23,59,0.28,1596,563,0.353,130872,46166
Orlando Magic,2015,82,25,57,0.305,1598,554,0.347,131036,45428
Orlando Magic,2016,82,35,47,0.427,1818,636,0.35,149076,52152
Orlando Magic,2017,82,29,53,0.354,2139,701,0.328,175398,57482
Orlando Magic,2018,82,25,57,0.305,2405,844,0.351,197210,69208
Orlando Magic,2019,82,42,40,0.512,2633,937,0.356,215906,76834
Orlando Magic,2020,73,33,40,0.452,2354,807,0.343,171842,58911
Orlando Magic,2021,72,21,51,0.292,2288,784,0.343,164736,56448
Orlando Magic,2022,82,22,60,0.268,3022,999,0.331,247804,81918
Orlando Magic,2023,82,34,48,0.415,2551,883,0.346,209182,72406
Orlando Magic,2024,82,47,35,0.573,2568,903,0.352,210576,74046
Indiana Pacers,2000,82,56,26,0.683,1487,583,0.392,121934,47806
Indiana Pacers,2001,82,41,41,0.5,1159,396,0.342,95038,32472
Indiana Pacers,2002,82,42,40,0.512,1195,405,0.339,97990,33210
Indiana Pacers,2003,82,48,34,0.585,1119,379,0.339,91758,31078
Indiana Pacers,2004,82,61,21,0.744,1281,449,0.351,105042,36818
Indiana Pacers,2005,82,44,38,0.537,1575,542,0.344,129150,44444
Indiana Pacers,2006,82,41,41,0.5,1536,536,0.349,125952,43952
Indiana Pacers,2007,82,35,47,0.427,1389,481,0.346,113898,39442
Indiana Pacers,2008,82,36,46,0.439,2021,755,0.374,165722,61910
Indiana Pacers,2009,82,36,46,0.439,1725,652,0.378,141450,53464
Indiana Pacers,2010,82,32,50,0.39,1896,659,0.348,155472,54038
Indiana Pacers,2011,82,37,45,0.451,1653,585,0.354,135546,47970
Indiana Pacers,2012,66,42,24,0.636,1064,392,0.368,70224,25872
Indiana Pacers,2013,81,49,32,0.605,1599,555,0.347,129519,44955
Indiana Pacers,2014,82,56,26,0.683,1542,550,0.357,126444,45100
Indiana Pacers,2015,82,38,44,0.463,1740,612,0.352,142680,50184
Indiana Pacers,2016,82,45,37,0.549,1889,663,0.351,154898,54366
Indiana Pacers,2017,82,42,40,0.512,1885,709,0.376,154570,58138
Indiana Pacers,2018,82,48,34,0.585,2010,741,0.369,164820,60762
Indiana Pacers,2019,82,48,34,0.585,2081,779,0.374,170642,63878
Indiana Pacers,2020,73,45,28,0.616,2046,743,0.363,149358,54239
Indiana Pacers,2021,72,34,38,0.472,2445,889,0.364,176040,64008
Indiana Pacers,2022,82,25,57,0.305,2899,997,0.344,237718,81754
Indiana Pacers,2023,82,35,47,0.427,3030,1112,0.367,248460,91184
Indiana Pacers,2024,82,47,35,0.573,2891,1082,0.374,237062,88724
Philadelphia 76ers,2000,82,49,33,0.598,643,208,0.323,52726,17056
Philadelphia 76ers,2001,82,56,26,0.683,803,262,0.326,65846,21484
Philadelphia 76ers,2002,82,43,39,0.524,715,214,0.299,58630,17548
Philadelphia 76ers,2003,82,48,34,0.585,787,245,0.311,64534,20090
Philadelphia 76ers,2004,82,33,49,0.402,992,339,0.342,81344,27798
Philadelphia 76ers,2005,82,43,39,0.524,1453,505,0.348,119146,41410
Philadelphia 76ers,2006,82,38,44,0.463,1031,375,0.364,84542,30750
Philadelphia 76ers,2007,82,35,47,0.427,823,284,0.345,67486,23288
Philadelphia 76ers,2008,82,40,42,0.488,952,302,0.317,78064,24764
Philadelphia 76ers,2009,82,41,41,0.5,1072,341,0.318,87904,27962
Philadelphia 76ers,2010,82,27,55,0.329,1381,474,0.343,113242,38868
Philadelphia 76ers,2011,82,41,41,0.5,1248,443,0.355,102336,36326
Philadelphia 76ers,2012,66,35,31,0.53,963,349,0.362,63558,23034
Philadelphia 76ers,2013,82,34,48,0.415,1438,518,0.36,117916,42476
Philadelphia 76ers,2014,82,19,63,0.232,1847,577,0.312,151454,47314
Philadelphia 76ers,2015,82,18,64,0.22,2160,692,0.32,177120,56744
Philadelphia 76ers,2016,82,10,72,0.122,2255,764,0.339,184910,62648
Philadelphia 76ers,2017,82,28,54,0.341,2443,831,0.34,200326,68142
Philadelphia 76ers,2018,82,52,30,0.634,2445,901,0.369,200490,73882
Philadelphia 76ers,2019,82,51,31,0.622,2474,889,0.359,202868,72898
Philadelphia 76ers,2020,73,43,30,0.589,2307,848,0.368,168411,61904
Philadelphia 76ers,2021,72,49,23,0.681,2169,811,0.374,156168,58392
Philadelphia 76ers,2022,82,51,31,0.622,2608,950,0.364,213856,77900
Philadelphia 76ers,2023,82,54,28,0.659,2675,1035,0.387,219350,84870
Philadelphia 76ers,2024,82,47,35,0.573,2733,992,0.363,224106,81344
Phoenix Suns,2000,82,53,29,0.646,1246,458,0.368,102172,37556
Phoenix Suns,2001,82,51,31,0.622,1054,332,0.315,86428,27224
Phoenix Suns,2002,82,36,46,0.439,1096,358,0.327,89872,29356
Phoenix Suns,2003,82,44,38,0.537,1149,394,0.343,94218,32308
Phoenix Suns,2004,82,29,53,0.354,1202,415,0.345,98564,34030
Phoenix Suns,2005,82,62,20,0.756,2026,796,0.393,166132,65272
Phoenix Suns,2006,82,54,28,0.659,2097,837,0.399,171954,68634
Phoenix Suns,2007,82,61,21,0.744,1965,785,0.399,161130,64370
Phoenix Suns,2008,82,55,27,0.671,1764,694,0.393,144648,56908
Phoenix Suns,2009,82,46,36,0.561,1445,553,0.383,118490,45346
Phoenix Suns,2010,82,54,28,0.659,1770,730,0.412,145140,59860
Phoenix Suns,2011,82,40,42,0.488,1857,701,0.377,152274,57482
Phoenix Suns,2012,66,33,33,0.5,1295,444,0.343,85470,29304
Phoenix Suns,2013,82,25,57,0.305,1455,480,0.33,119310,39360
Phoenix Suns,2014,82,48,34,0.585,2055,765,0.372,168510,62730
Phoenix Suns,2015,82,39,43,0.476,2048,698,0.341,167936,57236
Phoenix Suns,2016,82,23,59,0.28,2118,738,0.348,173676,60516
Phoenix Suns,2017,82,24,58,0.293,1854,615,0.332,152028,50430
Phoenix Suns,2018,82,21,61,0.256,2286,763,0.334,187452,62566
Phoenix Suns,2019,82,19,63,0.232,2400,790,0.329,196800,64780
Phoenix Suns,2020,73,34,39,0.466,2320,831,0.358,169360,60663
Phoenix Suns,2021,72,51,21,0.708,2490,940,0.378,179280,67680
Phoenix Suns,2022,82,64,18,0.78,2616,951,0.364,214512,77982
Phoenix Suns,2023,82,45,37,0.549,2674,1001,0.374,219268,82082
Phoenix Suns,2024,82,49,33,0.598,2671,1020,0.382,219022,83640
Portland Trail Blazers,2000,82,59,23,0.72,1128,407,0.361,92496,33374
Portland Trail Blazers,2001,82,50,32,0.61,1057,369,0.349,86674,30258
Portland Trail Blazers,2002,82,49,33,0.598,1318,466,0.354,108076,38212
Portland Trail Blazers,2003,82,50,32,0.61,1150,379,0.33,94300,31078
Portland Trail Blazers,2004,82,41,41,0.5,1102,381,0.346,90364,31242
Portland Trail Blazers,2005,82,27,55,0.329,1161,420,0.362,95202,34440
Portland Trail Blazers,2006,82,21,61,0.256,1042,364,0.349,85444,29848
Portland Trail Blazers,2007,82,32,50,0.39,1232,426,0.346,101024,34932
Portland Trail Blazers,2008,82,41,41,0.5,1426,538,0.377,116932,44116
Portland Trail Blazers,2009,82,54,28,0.659,1555,596,0.383,127510,48872
Portland Trail Blazers,2010,82,50,32,0.61,1388,491,0.354,113816,40262
Portland Trail Blazers,2011,82,48,34,0.585,1503,518,0.345,123246,42476
Portland Trail Blazers,2012,66,28,38,0.424,1382,478,0.346,91212,31548
Portland Trail Blazers,2013,82,33,49,0.402,1904,673,0.353,156128,55186
Portland Trail Blazers,2014,82,54,28,0.659,2071,770,0.372,169822,63140
Portland Trail Blazers,2015,82,51,31,0.622,2231,807,0.362,182942,66174
Portland Trail Blazers,2016,82,44,38,0.537,2336,864,0.37,191552,70848
Portland Trail Blazers,2017,82,41,41,0.5,2272,852,0.375,186304,69864
Portland Trail Blazers,2018,82,49,33,0.598,2308,845,0.366,189256,69290
Portland Trail Blazers,2019,82,53,29,0.646,2520,904,0.359,206640,74128
Portland Trail Blazers,2020,74,35,39,0.473,2525,952,0.377,186850,70448
Portland Trail Blazers,2021,72,42,30,0.583,2939,1132,0.385,211608,81504
Portland Trail Blazers,2022,82,27,55,0.329,3017,1043,0.346,247394,85526
Portland Trail Blazers,2023,82,33,49,0.402,2893,1056,0.365,237226,86592
Portland Trail Blazers,2024,82,21,61,0.256,2723,939,0.345,223286,76998
Sacramento Kings,2000,82,44,38,0.537,1656,534,0.322,135792,43788
Sacramento Kings,2001,82,55,27,0.671,1353,479,0.354,110946,39278
Sacramento Kings,2002,82,61,21,0.744,1160,426,0.367,95120,34932
Sacramento Kings,2003,82,59,23,0.72,1288,491,0.381,105616,40262
Sacramento Kings,2004,82,55,27,0.671,1498,601,0.401,122836,49282
Sacramento Kings,2005,82,50,32,0.61,1396,522,0.374,114472,42804
Sacramento Kings,2006,82,44,38,0.537,1408,494,0.351,115456,40508
Sacramento Kings,2007,82,33,49,0.402,1513,530,0.35,124066,43460
Sacramento Kings,2008,82,38,44,0.463,1367,510,0.373,112094,41820
Sacramento Kings,2009,82,17,65,0.207,1594,586,0.368,130708,48052
Sacramento Kings,2010,82,25,57,0.305,1383,482,0.349,113406,39524
Sacramento Kings,2011,82,24,58,0.293,1277,428,0.335,104714,35096
Sacramento Kings,2012,66,22,44,0.333,1301,411,0.316,85866,27126
Sacramento Kings,2013,82,28,54,0.341,1681,610,0.363,137842,50020
Sacramento Kings,2014,82,28,54,0.341,1475,491,0.333,120950,40262
Sacramento Kings,2015,82,29,53,0.354,1350,461,0.341,110700,37802
Sacramento Kings,2016,82,33,49,0.402,1839,660,0.359,150798,54120
Sacramento Kings,2017,82,32,50,0.39,1960,737,0.376,160720,60434
Sacramento Kings,2018,82,27,55,0.329,1967,738,0.375,161294,60516
Sacramento Kings,2019,82,39,43,0.476,2455,927,0.378,201310,76014
Sacramento Kings,2020,72,31,41,0.431,2511,914,0.364,180792,65808
Sacramento Kings,2021,72,31,41,0.431,2400,874,0.364,172800,62928
Sacramento Kings,2022,82,30,52,0.366,2722,937,0.344,223204,76834
Sacramento Kings,2023,82,48,34,0.585,3060,1128,0.369,250920,92496
Sacramento Kings,2024,82,46,36,0.561,3219,1178,0.366,263958,96596
San Antonio Spurs,2000,82,53,29,0.646,882,330,0.374,72324,27060
San Antonio Spurs,2001,82,58,24,0.707,1094,445,0.407,89708,36490
San Antonio Spurs,2002,82,58,24,0.707,1211,438,0.362,99302,35916
San Antonio Spurs,2003,82,60,22,0.732,1270,449,0.354,104140,36818
San Antonio Spurs,2004,82,57,25,0.695,1140,408,0.358,93480,33456
San Antonio Spurs,2005,82,59,23,0.72,1395,507,0.363,114390,41574
San Antonio Spurs,2006,82,63,19,0.768,1362,524,0.385,111684,42968
San Antonio Spurs,2007,82,58,24,0.707,1561,595,0.381,128002,48790
San Antonio Spurs,2008,82,56,26,0.683,1610,594,0.369,132020,48708
San Antonio Spurs,2009,82,54,28,0.659,1620,625,0.386,132840,51250
San Antonio Spurs,2010,82,50,32,0.61,1547,554,0.358,126854,45428
San Antonio Spurs,2011,82,61,21,0.744,1727,685,0.397,141614,56170
San Antonio Spurs,2012,66,50,16,0.758,1405,552,0.393,92730,36432
San Antonio Spurs,2013,82,58,24,0.707,1764,663,0.376,144648,54366
San Antonio Spurs,2014,82,62,20,0.756,1757,698,0.397,144074,57236
San Antonio Spurs,2015,82,55,27,0.671,1847,677,0.367,151454,55514
San Antonio Spurs,2016,82,67,15,0.817,1518,570,0.375,124476,46740
San Antonio Spurs,2017,82,61,21,0.744,1927,753,0.391,158014,61746
San Antonio Spurs,2018,82,47,35,0.573,1977,696,0.352,162114,57072
San Antonio Spurs,2019,82,48,34,0.585,2071,812,0.392,169822,66584
San Antonio Spurs,2020,71,32,39,0.451,2021,760,0.376,143491,53960
San Antonio Spurs,2021,72,33,39,0.458,2046,716,0.35,147312,51552
San Antonio Spurs,2022,82,34,48,0.415,2626,925,0.352,215332,75850
San Antonio Spurs,2023,82,22,60,0.268,2640,911,0.345,216480,74702
San Antonio Spurs,2024,82,22,60,0.268,2983,1036,0.347,244606,84952
Oklahoma City Thunder,2000,82,45,37,0.549,1611,546,0.339,132102,44772
Oklahoma City Thunder,2001,82,44,38,0.537,1169,466,0.399,95858,38212
Oklahoma City Thunder,2002,82,45,37,0.549,1292,489,0.378,105944,40098
Oklahoma City Thunder,2003,82,40,42,0.488,1291,456,0.353,105862,37392
Oklahoma City Thunder,2004,82,37,45,0.451,1936,723,0.373,158752,59286
Oklahoma City Thunder,2005,82,52,30,0.634,1824,666,0.365,149568,54612
Oklahoma City Thunder,2006,82,35,47,0.427,1631,605,0.371,133742,49610
Oklahoma City Thunder,2007,82,31,51,0.378,1451,525,0.362,118982,43050
Oklahoma City Thunder,2008,82,20,62,0.244,939,313,0.333,76998,25666
Oklahoma City Thunder,2009,82,23,59,0.28,949,328,0.346,77818,26896
Oklahoma City Thunder,2010,82,50,32,0.61,1229,418,0.34,100778,34276
Oklahoma City Thunder,2011,82,55,27,0.671,1403,487,0.347,115046,39934
Oklahoma City Thunder,2012,66,47,19,0.712,1317,472,0.358,86922,31152
Oklahoma City Thunder,2013,82,60,22,0.732,1588,598,0.377,130216,49036
Oklahoma City Thunder,2014,82,59,23,0.72,1839,664,0.361,150798,54448
Oklahoma City Thunder,2015,82,45,37,0.549,1864,632,0.339,152848,51824
Oklahoma City Thunder,2016,82,55,27,0.671,1945,678,0.349,159490,55596
Oklahoma City Thunder,2017,82,47,35,0.573,2116,692,0.327,173512,56744
Oklahoma City Thunder,2018,82,48,34,0.585,2491,881,0.354,204262,72242
Oklahoma City Thunder,2019,82,49,33,0.598,2677,932,0.348,219514,76424
Oklahoma City Thunder,2020,72,44,28,0.611,2171,770,0.355,156312,55440
Oklahoma City Thunder,2021,72,22,50,0.306,2529,857,0.339,182088,61704
Oklahoma City Thunder,2022,82,24,58,0.293,3066,991,0.323,251412,81262
Oklahoma City Thunder,2023,82,40,42,0.488,2797,995,0.356,229354,81590
Oklahoma City Thunder,2024,82,57,25,0.695,2805,1090,0.389,230010,89380
Toronto Raptors,2000,82,45,37,0.549,1171,425,0.363,96022,34850
Toronto Raptors,2001,82,47,35,0.573,1164,429,0.369,95448,35178
Toronto Raptors,2002,82,42,40,0.512,1109,387,0.349,90938,31734
Toronto Raptors,2003,82,24,58,0.293,1193,409,0.343,97826,33538
Toronto Raptors,2004,82,33,49,0.402,1294,461,0.356,106108,37802
Toronto Raptors,2005,82,33,49,0.402,1681,648,0.385,137842,53136
Toronto Raptors,2006,82,27,55,0.329,1620,608,0.375,132840,49856
Toronto Raptors,2007,82,47,35,0.573,1464,531,0.363,120048,43542
Toronto Raptors,2008,82,41,41,0.5,1459,572,0.392,119638,46904
Toronto Raptors,2009,82,33,49,0.402,1289,479,0.372,105698,39278
Toronto Raptors,2010,82,40,42,0.488,1397,518,0.371,114554,42476
Toronto Raptors,2011,82,22,60,0.268,1091,345,0.316,89462,28290
Toronto Raptors,2012,66,23,43,0.348,1075,365,0.34,70950,24090
Toronto Raptors,2013,82,34,48,0.415,1665,571,0.343,136530,46822
Toronto Raptors,2014,82,48,34,0.585,1917,713,0.372,157194,58466
Toronto Raptors,2015,82,49,33,0.598,2060,726,0.352,168920,59532
Toronto Raptors,2016,82,56,26,0.683,1915,708,0.37,157030,58056
Toronto Raptors,2017,82,51,31,0.622,1996,725,0.363,163672,59450
Toronto Raptors,2018,82,59,23,0.72,2705,968,0.358,221810,79376
Toronto Raptors,2019,82,58,24,0.707,2771,1015,0.366,227222,83230
Toronto Raptors,2020,72,53,19,0.736,2663,995,0.374,191736,71640
Toronto Raptors,2021,72,27,45,0.375,2831,1041,0.368,203832,74952
Toronto Raptors,2022,82,48,34,0.585,2808,979,0.349,230256,80278
Toronto Raptors,2023,82,41,41,0.5,2626,880,0.335,215332,72160
Toronto Raptors,2024,82,25,57,0.305,2712,942,0.347,222384,77244
Utah Jazz,2000,82,55,27,0.671,854,329,0.385,70028,26978
Utah Jazz,2001,82,53,29,0.646,852,325,0.381,69864,26650
Utah Jazz,2002,82,44,38,0.537,842,280,0.333,69044,22960
Utah Jazz,2003,82,47,35,0.573,641,224,0.349,52562,18368
Utah Jazz,2004,82,42,40,0.512,786,252,0.321,64452,20664
Utah Jazz,2005,82,26,56,0.317,762,250,0.328,62484,20500
Utah Jazz,2006,82,41,41,0.5,925,311,0.336,75850,25502
Utah Jazz,2007,82,51,31,0.622,1056,354,0.335,86592,29028
Utah Jazz,2008,82,54,28,0.659,1095,407,0.372,89790,33374
Utah Jazz,2009,82,48,34,0.585,1122,392,0.349,92004,32144
Utah Jazz,2010,82,53,29,0.646,1207,439,0.364,98974,35998
Utah Jazz,2011,82,39,43,0.476,1256,435,0.346,102992,35670
Utah Jazz,2012,66,36,30,0.545,845,273,0.323,55770,18018
Utah Jazz,2013,82,43,39,0.524,1385,507,0.366,113570,41574
Utah Jazz,2014,82,25,57,0.305,1577,543,0.344,129314,44526
Utah Jazz,2015,82,38,44,0.463,1781,610,0.343,146042,50020
Utah Jazz,2016,82,40,42,0.488,1956,694,0.355,160392,56908
Utah Jazz,2017,82,51,31,0.622,2128,791,0.372,174496,64862
Utah Jazz,2018,82,48,34,0.585,2425,887,0.366,198850,72734
Utah Jazz,2019,82,50,32,0.61,2789,993,0.356,228698,81426
Utah Jazz,2020,72,44,28,0.611,2537,963,0.38,182664,69336
Utah Jazz,2021,72,52,20,0.722,3098,1205,0.389,223056,86760
Utah Jazz,2022,82,49,33,0.598,3308,1192,0.36,271256,97744
Utah Jazz,2023,82,37,45,0.451,3099,1094,0.353,254118,89708
Utah Jazz,2024,82,31,51,0.378,2993,1060,0.354,245426,86920
Memphis Grizzlies,2000,82,22,60,0.268,898,324,0.361,73636,26568
Memphis Grizzlies,2001,82,23,59,0.28,947,325,0.343,77654,26650
Memphis Grizzlies,2002,82,23,59,0.28,1096,336,0.307,89872,27552
Memphis Grizzlies,2003,82,28,54,0.341,1279,467,0.365,104878,38294
Memphis Grizzlies,2004,82,50,32,0.61,1314,447,0.34,107748,36654
Memphis Grizzlies,2005,82,45,37,0.549,1486,531,0.357,121852,43542
Memphis Grizzlies,2006,82,49,33,0.598,1578,590,0.374,129396,48380
Memphis Grizzlies,2007,82,22,60,0.268,1362,500,0.367,111684,41000
Memphis Grizzlies,2008,82,22,60,0.268,1779,620,0.349,145878,50840
Memphis Grizzlies,2009,82,24,58,0.293,1106,398,0.36,90692,32636
Memphis Grizzlies,2010,82,40,42,0.488,1020,344,0.337,83640,28208
Memphis Grizzlies,2011,82,46,36,0.561,926,309,0.334,75932,25338
Memphis Grizzlies,2012,66,41,25,0.621,849,277,0.326,56034,18282
Memphis Grizzlies,2013,82,56,26,0.683,1107,382,0.345,90774,31324
Memphis Grizzlies,2014,82,50,32,0.61,1147,405,0.353,94054,33210
Memphis Grizzlies,2015,82,55,27,0.671,1246,423,0.339,102172,34686
Memphis Grizzlies,2016,82,42,40,0.512,1521,504,0.331,124722,41328
Memphis Grizzlies,2017,82,43,39,0.524,2169,767,0.354,177858,62894
Memphis Grizzlies,2018,82,22,60,0.268,2152,758,0.352,176464,62156
Memphis Grizzlies,2019,82,33,49,0.402,2368,811,0.342,194176,66502
Memphis Grizzlies,2020,73,34,39,0.466,2297,798,0.347,167681,58254
Memphis Grizzlies,2021,72,38,34,0.528,2258,803,0.356,162576,57816
Memphis Grizzlies,2022,82,56,26,0.683,2679,945,0.353,219678,77490
Memphis Grizzlies,2023,82,51,31,0.622,2807,985,0.351,230174,80770
Memphis Grizzlies,2024,82,27,55,0.329,3097,1071,0.346,253954,87822
Washington Wizards,2000,82,29,53,0.354,890,335,0.376,72980,27470
Washington Wizards,2001,82,19,63,0.232,848,275,0.324,69536,22550
Washington Wizards,2002,82,37,45,0.451,786,305,0.388,64452,25010
Washington Wizards,2003,82,37,45,0.451,811,253,0.312,66502,20746
Washington Wizards,2004,82,25,57,0.305,1269,433,0.341,104058,35506
Washington Wizards,2005,82,45,37,0.549,1498,514,0.343,122836,42148
Washington Wizards,2006,82,42,40,0.512,1394,497,0.357,114308,40754
Washington Wizards,2007,82,41,41,0.5,1614,561,0.348,132348,46002
Washington Wizards,2008,82,43,39,0.524,1614,575,0.356,132348,47150
Washington Wizards,2009,82,19,63,0.232,1198,395,0.33,98236,32390
Washington Wizards,2010,82,26,56,0.317,1225,432,0.353,100450,35424
Washington Wizards,2011,82,23,59,0.28,1182,392,0.332,96924,32144
Washington Wizards,2012,66,20,46,0.303,1075,344,0.32,70950,22704
Washington Wizards,2013,82,29,53,0.354,1495,545,0.365,122590,44690
Washington Wizards,2014,82,44,38,0.537,1704,647,0.38,139728,53054
Washington Wizards,2015,82,46,36,0.561,1381,497,0.36,113242,40754
Washington Wizards,2016,82,41,41,0.5,1983,709,0.358,162606,58138
Washington Wizards,2017,82,49,33,0.598,2030,756,0.372,166460,61992
Washington Wizards,2018,82,43,39,0.524,2173,814,0.375,178186,66748
Washington Wizards,2019,82,32,50,0.39,2731,930,0.341,223942,76260
Washington Wizards,2020,72,25,47,0.347,2345,864,0.368,168840,62208
Washington Wizards,2021,72,34,38,0.472,2088,733,0.351,150336,52776
Washington Wizards,2022,82,35,47,0.427,2512,860,0.342,205984,70520
Washington Wizards,2023,82,35,47,0.427,2601,925,0.356,213282,75850
Washington Wizards,2024,82,15,67,0.183,2915,1015,0.348,239030,83230
Detroit Pistons,2000,82,42,40,0.512,1223,439,0.359,100286,35998
Detroit Pistons,2001,82,32,50,0.39,1112,389,0.35,91184,31898
Detroit Pistons,2002,82,50,32,0.61,1509,567,0.376,123738,46494
Detroit Pistons,2003,82,50,32,0.61,1488,533,0.358,122016,43706
Detroit Pistons,2004,82,54,28,0.659,968,333,0.344,79376,27306
Detroit Pistons,2005,82,54,28,0.659,1053,363,0.345,86346,29766
Detroit Pistons,2006,82,64,18,0.78,1451,557,0.384,118982,45674
Detroit Pistons,2007,82,53,29,0.646,1305,449,0.344,107010,36818
Detroit Pistons,2008,82,59,23,0.72,1330,487,0.366,109060,39934
Detroit Pistons,2009,82,39,43,0.476,1079,377,0.349,88478,30914
Detroit Pistons,2010,82,27,55,0.329,1190,374,0.314,97580,30668
Detroit Pistons,2011,82,30,52,0.366,1256,472,0.376,102992,38704
Detroit Pistons,2012,66,25,41,0.379,916,317,0.346,60456,20922
Detroit Pistons,2013,82,29,53,0.354,1440,513,0.356,118080,42066
Detroit Pistons,2014,82,29,53,0.354,1580,507,0.321,129560,41574
Detroit Pistons,2015,82,32,50,0.39,2043,703,0.344,167526,57646
Detroit Pistons,2016,82,44,38,0.537,2148,740,0.345,176136,60680
Detroit Pistons,2017,82,37,45,0.451,1915,631,0.33,157030,51742
Detroit Pistons,2018,82,39,43,0.476,2373,886,0.373,194586,72652
Detroit Pistons,2019,82,41,41,0.5,2854,993,0.348,234028,81426
Detroit Pistons,2020,66,20,46,0.303,2157,791,0.367,142362,52206
Detroit Pistons,2021,72,20,52,0.278,2370,832,0.351,170640,59904
Detroit Pistons,2022,82,23,59,0.28,2838,925,0.326,232716,75850
Detroit Pistons,2023,82,17,65,0.207,2659,934,0.351,218038,76588
Detroit Pistons,2024,82,14,68,0.171,2602,906,0.348,213364,74292
Charlotte Hornets,2000,82,49,33,0.598,1001,339,0.339,82082,27798
Charlotte Hornets,2001,82,46,36,0.561,984,340,0.346,80688,27880
Charlotte Hornets,2002,82,44,38,0.537,994,346,0.348,81508,28372
Charlotte Hornets,2005,82,18,64,0.22,881,320,0.363,72242,26240
Charlotte Hornets,2006,82,26,56,0.317,1261,428,0.339,103402,35096
Charlotte Hornets,2007,82,33,49,0.402,1280,457,0.357,104960,37474
Charlotte Hornets,2008,82,32,50,0.39,1443,529,0.367,118326,43378
Charlotte Hornets,2009,82,35,47,0.427,1339,490,0.366,109798,40180
Charlotte Hornets,2010,82,44,38,0.537,1331,460,0.346,109142,37720
Charlotte Hornets,2011,82,34,48,0.415,1203,393,0.327,98646,32226
Charlotte Hornets,2012,66,7,59,0.106,892,263,0.295,58872,17358
Charlotte Hornets,2013,82,21,61,0.256,1399,469,0.335,114718,38458
Charlotte Hornets,2014,82,43,39,0.524,1471,516,0.351,120622,42312
Charlotte Hornets,2015,82,33,49,0.402,1566,498,0.318,128412,40836
Charlotte Hornets,2016,82,48,34,0.585,2410,873,0.362,197620,71586
Charlotte Hornets,2017,82,36,46,0.439,2347,824,0.351,192454,67568
Charlotte Hornets,2018,82,36,46,0.439,2233,824,0.369,183106,67568
Charlotte Hornets,2019,82,39,43,0.476,2783,977,0.351,228206,80114
Charlotte Hornets,2020,65,23,42,0.354,2231,785,0.352,145015,51025
Charlotte Hornets,2021,72,33,39,0.458,2666,985,0.369,191952,70920
Charlotte Hornets,2022,82,43,39,0.524,3130,1143,0.365,256660,93726
Charlotte Hornets,2023,82,27,55,0.329,2669,881,0.33,218858,72242
Charlotte Hornets,2024,82,21,61,0.256,2788,989,0.355,228616,81098
